generation,id,novelty,fitness,species,parent1,parent2,num_nodes,num_connections,num_enabled_connections,num_disabled_connections
0,106,7.916147515060008,116.0970225385892,2,-1,-1,2,12,12,0
1,194,8.565315164160742,123.66210105073087,1,49,59,2,12,12,0
2,394,23.923194433539138,219.9645970307863,6,107,284,2,11,10,1
3,561,7.859870658128894,123.88151822781228,1,10,179,1,8,8,0
4,720,20.951453880005804,131.93033031058948,1,527,246,3,11,10,1
5,855,2.3419452953711106,110.55602783245237,1,469,243,1,5,5,0
6,977,14.486948360988917,134.07993438337942,3,412,59,2,12,11,1
7,1171,7.863799085968544,151.99925860232423,3,394,977,1,6,6,0
8,1325,5.777099982458305,184.59929438297883,7,895,408,2,13,13,0
9,1439,3.2821585253304915,142.1100928884782,7,408,1165,2,7,7,0
10,1649,6.7720570214926274,139.6366705854477,5,1208,393,1,7,6,1
11,1673,7.73300117984078,193.9391147173788,7,1325,207,1,5,5,0
12,1858,6.269582957325269,242.680160148932,3,1679,341,2,11,11,0
13,2059,14.925679578862393,291.52877140726594,2,977,1904,2,11,11,0
14,2179,21.42520505144883,166.86361637957597,2,2059,1867,1,7,7,0
15,2384,7.805067584095918,326.2873364598471,6,1858,1011,2,11,10,1
16,2470,18.817788875370873,212.09958738133543,7,1644,2255,3,12,12,0
17,2566,11.379041567039518,215.03951046794563,4,2275,1479,3,13,12,1
18,2732,3.7428994900935932,167.9682191127532,1,2603,2310,3,10,9,1
19,2990,6.207476551610703,174.76045908158383,6,1867,2384,3,10,10,0
20,3086,7.543585261489241,162.90034968459213,4,2302,1026,3,10,9,1
21,3287,4.48353223409216,218.93123997650582,1,2897,3100,1,4,3,1
22,3412,23.770617213800335,236.86753832097074,5,2400,394,3,11,10,1
23,3538,11.61845063790068,212.53603032908882,2,2059,2470,3,12,12,0
24,3681,6.273445572203236,213.3793460844106,4,3412,2165,2,12,12,0
25,3837,8.218958944470891,211.33873366788197,1,2008,1165,3,10,9,1
26,3909,7.252177409436721,227.1648340287524,4,2139,2577,5,14,11,3
27,4068,17.262456958710793,338.9187348498679,6,2566,2566,2,10,10,0
28,4333,3.73369258590698,257.0155643843522,3,3837,3100,1,6,6,0
29,4442,7.413855915383172,243.16717398359862,4,1222,1929,2,6,4,2
30,4617,6.006651224190413,213.16843395085317,7,4442,3020,3,14,13,1
31,4756,11.665036232313218,285.128171524164,3,1673,368,1,5,5,0
32,4886,4.1583749549352005,322.8239388603548,3,1858,4442,2,12,11,1
33,5059,11.811686367142734,457.8840023118295,1,4768,265,2,11,10,1
34,5152,9.373407846880717,215.4379964346759,5,3497,4675,3,13,12,1
35,5288,5.301835291488185,227.7949390890024,6,2380,1262,4,13,13,0
36,5431,7.466271775814464,304.15266480732345,4,2327,2384,3,10,9,1
37,5627,8.017519365835787,261.70425933665996,6,5024,236,4,15,14,1
38,5829,19.174611130468772,284.9334500582588,4,5031,4473,2,10,9,1
39,5853,10.489778294601416,279.04997944998706,6,1902,5660,3,10,8,2
40,6002,6.395378195405946,247.17835984552985,3,5031,5295,3,8,6,2
41,6209,6.384483753882675,308.49053468143063,2,3909,5059,3,13,12,1
42,6343,5.8749816102562615,222.3228290762569,4,5295,1117,4,14,13,1
43,6568,20.107449034468207,333.0570656192075,1,2327,3513,3,8,7,1
44,6611,5.621944026821164,221.53560617081035,2,6580,6544,1,4,4,0
45,6795,10.250911820932373,482.34516366895605,6,5627,3521,2,13,12,1
46,6940,9.248101570203476,264.51507306476844,4,6002,5152,4,15,14,1
47,7110,18.899333149225832,273.6011348226029,4,5872,2470,4,13,11,2
48,7313,13.085599386618252,379.90630101988955,4,5872,3857,1,5,5,0
49,7371,9.767926669949535,290.2943082434198,5,6682,5993,4,12,9,3
50,7571,10.36127971836329,329.7002332824882,5,7137,5829,2,7,6,1
51,7786,7.701722133953425,291.17064898118736,5,7406,7137,2,10,10,0
52,7899,9.246639107276504,360.65570563308677,3,6580,6611,3,10,9,1
53,8077,20.4881334038609,300.44186886481805,6,5822,5829,3,13,13,0
54,8178,4.026511092205746,245.42543147384237,1,4333,6082,2,12,11,1
55,8265,11.097166049421215,304.8999449724374,2,2566,310,1,5,5,0
56,8435,10.886979898642965,388.8725529636697,6,7244,8077,2,10,10,0
57,8606,9.686121709078211,321.87735429183647,6,5413,4442,3,6,6,0
58,8788,11.887882821026544,294.405786401237,6,8442,1396,1,4,4,0
59,8956,5.77412030375516,435.4484931033324,6,1858,5059,2,9,8,1
60,9057,9.567971119533318,444.91718948160843,7,7497,7406,3,8,7,1
61,9195,9.755518973458994,421.6438940403553,5,7678,6795,2,6,6,0
62,9434,23.61636536575085,281.35342073153635,6,8606,7678,1,4,4,0
63,9460,8.447784268073198,370.77794748598524,1,8685,8077,2,10,10,0
64,9742,5.699659389539038,285.9464409562112,4,8264,7066,1,7,7,0
65,9794,26.335379798396296,564.7889340335253,1,8435,2544,1,2,2,0
66,9924,7.834549953817433,585.9613292302845,1,5916,9794,1,4,3,1
67,10115,7.7763736577820035,244.81706233515507,6,9897,8685,3,13,12,1
68,10214,4.195687591032694,278.14401506832394,7,4675,179,2,6,6,0
69,10433,8.718598890209753,418.80236339694255,5,9962,381,3,11,10,1
70,10529,8.249227725639306,420.457042487015,7,9593,9258,4,14,13,1
71,10688,5.7969266217669615,378.2815402731402,6,4886,8622,2,7,6,1
72,10930,9.752901992450484,347.6858194091398,5,5829,6727,2,9,8,1
73,11098,6.410345935658272,337.46293964935796,5,5754,9258,2,12,11,1
74,11102,5.35215462938928,333.0459489677446,6,7079,10688,3,12,11,1
75,11332,11.898868080540158,370.9008107186604,7,9015,7548,2,7,7,0
76,11546,6.402051915759506,529.7854415036439,5,9897,8442,2,11,11,0
77,11585,7.806415691296479,969.0388684191694,4,6795,9015,1,7,6,1
78,11829,6.582506039026489,330.3304213156209,7,10829,10925,2,10,10,0
79,11945,7.190874706348139,364.1059678218833,1,10691,4886,2,11,9,2
80,12098,8.815998061438878,317.294679790975,4,7571,11585,2,8,5,3
81,12223,5.788421905813123,303.78810297695185,5,11201,9057,3,9,8,1
82,12429,6.73697205266782,576.5996308881105,3,8524,9924,2,4,3,1
83,12582,7.74239084808755,277.86499809196573,3,11952,11433,1,5,5,0
84,12648,7.29700205339128,578.3384448737768,3,6795,10398,2,5,4,1
85,12874,6.629388325403732,552.3159487592567,6,7571,1498,3,10,7,3
86,12988,11.607092541279298,661.0252867173906,6,12604,9794,3,13,11,2
87,13157,4.905631872966096,404.78668600035826,5,12974,1010,3,11,7,4
88,13322,8.388078001885253,475.3176226592329,4,9043,13079,3,11,8,3
89,13484,9.42569414189697,972.57427130619,4,11098,12974,1,4,4,0
90,13628,5.539447462045629,771.3273974824376,4,9560,10691,1,6,5,1
91,13786,4.940165940223017,622.3525618834353,3,12335,9460,1,2,2,0
92,13820,7.654663100250853,556.595084298359,4,13585,12677,4,11,7,4
93,14014,6.438824491416673,339.19674276214585,1,10925,13820,5,13,10,3
94,14242,6.508686670584306,293.4327078716526,1,11306,5679,2,4,4,0
95,14378,4.785672964045247,623.4189531826958,6,12604,11546,3,11,11,0
96,14523,6.981207726685435,1379.078902021242,6,8435,13484,3,12,11,1
97,14616,5.025513697904347,445.14319296589946,6,14458,9924,2,4,3,1
98,14732,8.60456416520376,372.87044538639043,3,2369,14223,4,14,13,1
99,14872,7.701948430534822,727.0548549137017,5,12328,1011,1,3,3,0
100,15109,3.5065078128870018,500.02772311480373,2,11546,2342,2,10,9,1
101,15227,4.997023453930097,723.906177286496,3,13628,9057,1,7,6,1
102,15393,8.121141195261254,866.4920767115785,2,14523,13270,2,5,5,0
103,15497,5.150781218472941,520.7871987690594,5,12974,11981,2,9,7,2
104,15606,5.932354642603262,487.0231290275847,2,7628,9560,2,8,5,3
105,15873,6.560566559846434,401.41174980547305,1,11945,1857,1,3,2,1
106,16044,5.276550680599499,444.25820315425926,4,14378,15109,4,11,9,2
107,16123,6.399308874782414,524.1999345737298,5,13628,314,2,6,5,1
108,16317,5.90877976523811,356.0052041440896,2,14616,14296,3,9,9,0
109,16500,9.501055903302655,328.19498716100964,1,15407,4643,1,5,4,1
110,16510,4.628478430648742,692.4038089420528,2,12945,4643,1,4,4,0
111,16741,5.052895064952761,1111.9460391914495,3,9924,15393,4,17,14,3
112,16840,6.22609283463544,366.835955107306,1,12429,15623,2,9,6,3
113,17085,4.3551739367070335,572.3460659767245,1,12427,14378,2,10,10,0
114,17192,8.479213882083629,503.3985713470147,2,15407,7899,1,3,3,0
115,17388,6.76406074477808,640.9627024530383,6,14616,16965,3,10,7,3
116,17469,4.8657744142238055,729.7182323009149,4,16739,14523,1,4,4,0
117,17612,3.571248137849764,515.0662164869121,6,5059,15227,3,11,5,6
118,17725,6.122888971303551,540.043143064747,2,17612,2193,1,1,1,0
119,17926,3.657096046960501,490.9008337855116,2,15407,16549,3,11,10,1
120,18013,4.749730805859471,954.6971664392584,6,17554,5059,3,12,8,4
121,18293,4.829808817139751,474.0060024239432,2,13499,15760,1,3,3,0
122,18422,5.866877284685411,565.193819423095,2,17725,17061,1,3,3,0
123,18496,5.132860021501239,905.3048141241158,1,18438,17612,3,13,12,1
124,18609,3.9740772978988437,750.1439982757889,1,11679,16741,4,11,9,2
125,18871,2.6803270100663514,459.10719446590053,3,15497,14378,2,10,10,0
126,18965,4.108907511261211,609.6038240797759,3,18622,15227,2,9,8,1
127,19125,3.4831432508152327,656.2658364943507,1,14534,977,2,4,3,1
128,19350,8.594860816112082,1644.3066143985045,3,18647,9057,1,5,5,0
129,19447,7.8980765377109945,783.0651983810109,1,12648,14872,2,5,5,0
130,19553,6.961766169994481,1798.8904223706927,3,13555,17085,3,8,6,2
131,19652,3.5570782618290746,418.47755121902526,3,18954,15623,3,11,11,0
132,19915,9.697507386658712,366.0273861920747,7,13628,4252,4,15,11,4
133,20000,4.095056878295168,575.9353387834722,1,18721,1125,3,15,14,1
134,20180,3.254630055255859,560.0018922043021,3,14523,949,2,6,5,1
135,20361,7.355409451181774,671.8443387144345,3,16643,16986,4,16,12,4
136,20513,4.247569329050032,644.1526685422537,3,19291,14223,3,10,7,3
137,20551,4.568871697039181,573.894454081573,6,20361,17388,5,16,12,4
138,20799,2.9075792632041737,650.0797448523365,1,17382,13628,5,13,12,1
139,20978,4.7959389639455505,865.7753885997865,2,18013,15760,2,5,4,1
140,21005,7.867930882526588,426.40585624489074,5,18625,2176,3,11,10,1
141,21290,4.02066972889062,1233.459992577828,3,16510,14523,3,11,7,4
142,21357,3.8576254074083205,488.8571695821611,7,14279,4252,3,13,12,1
143,21547,7.487197286322862,521.9283607756638,2,13499,20180,3,10,9,1
144,21682,3.2860863153147912,810.002442859547,1,15497,21290,4,11,10,1
145,21821,3.972614983597368,476.03398937902494,2,9794,16549,2,7,5,2
146,22026,2.993118705048867,817.4482287174882,2,15393,21682,2,8,4,4
147,22157,3.536350465928294,1056.6868656585325,2,20270,1540,4,12,10,2
148,22288,2.9307775237221207,786.7268209686397,3,21290,14540,3,8,7,1
149,22464,3.541326334404569,596.1497634982029,1,17402,14872,2,13,13,0
150,22594,8.452589617691059,591.3688863405403,3,14540,1929,3,13,13,0
151,22682,4.067696510757761,786.3947139104233,1,16123,22288,2,6,6,0
152,22882,3.0252853484404723,516.0332287707827,2,17469,22211,5,12,9,3
153,22989,2.780799234008358,1037.3502136483462,4,18965,21682,3,11,8,3
154,23201,2.8426512433602857,1053.412829794248,6,14534,20996,2,8,7,1
155,23269,3.421021047703822,617.986950987034,3,22211,21290,1,3,3,0
156,23515,8.860634363309192,667.7742510935425,6,12429,20270,5,11,8,3
157,23667,3.607248525515848,538.9683919173258,1,15497,19553,4,10,9,1
158,23745,4.464242891570306,797.7775109042869,6,19125,19645,5,10,9,1
159,23920,4.323024544598499,517.1968719282166,1,18496,13555,3,9,8,1
160,24071,8.293702502274511,435.3407776110468,4,18422,22157,3,9,9,0
161,24171,2.736921309215413,504.0272416199212,2,14523,729,3,11,11,0
162,24416,3.8661921364271734,558.5099996213416,2,22085,20361,4,11,11,0
163,24575,9.483754990859817,573.7417440418167,3,11585,20000,2,11,10,1
164,24662,8.606887821999912,593.1191957597049,5,21276,16510,1,5,4,1
165,24860,6.407331656677615,936.7525097545791,1,17612,19350,1,4,2,2
166,25020,2.888434101319088,698.0137028322862,1,23269,18647,3,10,9,1
167,25136,3.7289838191166313,1517.1730418446673,6,22288,13628,2,5,5,0
168,25323,3.389648198359683,486.22234265096387,1,18418,16549,3,10,7,3
169,25392,6.4064347302039515,608.293358332564,3,18721,2470,1,2,2,0
170,25554,2.777464257616139,1140.237945743488,6,21682,3152,2,8,7,1
171,25786,3.191947242325364,453.32174108267475,2,11546,19491,2,9,7,2
172,25852,6.238174839542451,592.1751396443786,2,15393,5673,3,11,10,1
173,26010,3.9035548151056862,569.0226987803312,3,22464,20978,2,8,6,2
174,26241,2.83346894148137,574.86034344019,6,19036,20180,1,6,6,0
175,26316,8.23261172925424,831.3850243782475,1,26010,19350,5,14,11,3
176,26453,3.686360132372789,780.2208973989766,2,22989,23060,3,11,10,1
177,26552,11.54929452435017,399.6535262018802,4,24575,21276,4,9,9,0
178,26794,3.259409396265489,621.5272589736232,3,17725,17388,4,10,10,0
179,26918,5.983317492233817,1751.3564183610965,2,15393,1026,2,11,9,2
180,27110,2.456424924870532,651.3326760509378,4,26257,22464,3,14,14,0
181,27263,5.080214978075863,568.7752620610181,7,22722,2739,4,10,9,1
182,27396,2.8012799095721808,673.4431952514071,5,12648,21290,1,5,5,0
183,27573,2.509436850885686,1064.3333574990634,1,26316,26918,4,9,9,0
184,27627,2.2801852158392233,1106.5246349361703,5,25136,25136,1,3,3,0
185,27820,7.51589423665659,397.166578803442,7,18965,2566,2,10,8,2
186,27954,6.150599192237426,583.5408563013484,5,18954,17469,1,3,3,0
187,28164,3.312479948106202,802.042135071327,4,23745,26918,4,10,10,0
188,28295,7.249578423737927,577.8670191675166,2,26943,26794,3,10,9,1
189,28437,6.942651733899295,344.3849890558323,4,23201,14523,4,14,12,2
190,28552,3.8786273210648696,537.9754687611107,2,18422,9434,3,15,13,2
191,28680,8.707489121469644,456.6376073886022,4,18422,18609,3,12,9,3
192,28831,3.0500048874537855,606.1006194883603,2,18013,21276,2,6,6,0
193,29067,4.989238890311367,987.981442409995,1,26549,22157,4,10,8,2
194,29159,3.187247573360467,681.3344025788276,3,12648,25136,5,14,13,1
195,29309,2.066398342520643,1179.2351307838721,2,20000,25554,3,11,8,3
196,29509,8.481401616084145,336.85804804225864,7,22989,18609,1,5,4,1
197,29562,8.53995622822031,777.5468232112769,4,19350,26475,1,5,4,1
198,29754,7.313721837134549,413.523951793626,2,24860,16741,4,9,9,0
199,29944,3.1965095564349486,802.0505914340267,2,22026,19553,4,8,8,0
200,30014,3.2218031351105,1151.1432827996593,2,22157,29067,1,7,7,0
201,30168,7.329568116242209,678.3730866917869,5,26263,26918,5,12,10,2
202,30358,6.86993448457624,652.2515126710672,6,23515,26263,3,12,9,3
203,30558,3.85283574705808,875.378882728424,2,22682,21290,1,4,3,1
204,30675,5.548287503520764,516.6943598655578,2,23060,22157,4,8,7,1
205,30895,6.328391006541852,671.085189387968,4,27627,3438,3,12,12,0
206,30939,4.467291828979364,1162.420151333693,1,26918,19645,2,5,5,0
207,31123,4.7649266450097185,952.7023727780931,3,22000,19350,2,4,3,1
208,31315,3.5314837157284478,837.7051669386207,7,22157,25136,1,3,3,0
209,31485,2.6979295419140255,1060.7161855177324,8,20270,26918,3,12,12,0
210,31530,2.100236139746853,716.7458364166353,6,12988,370,3,7,5,2
211,31688,4.074314266575967,1525.3464400424375,8,23196,19553,2,3,3,0
212,31832,3.329184975322986,1013.3893336840908,6,30141,19645,3,9,7,2
213,31978,2.6289159702084826,660.4310160313246,1,29159,26918,3,11,9,2
214,32180,2.6702098124236153,1112.7603125012015,2,13484,2329,4,11,10,1
215,32350,4.391416909951186,725.3530424833978,7,20361,31964,4,10,9,1
216,32406,6.57176721047885,646.5694167886559,7,16510,30014,2,9,8,1
217,32623,4.173912723908817,824.6256560224404,1,31688,4071,4,10,10,0
218,32837,4.4116537426036295,882.3765642052798,1,23201,30012,4,8,7,1
219,32887,9.446587119614321,1046.3932778426633,2,11585,30558,1,5,5,0
220,33051,5.1737697783016054,1196.6339473699823,1,32180,31978,4,7,6,1
221,33296,1.898529164178967,1124.6026482211105,1,21682,991,2,5,5,0
222,33402,3.1429438542828887,775.7028543587418,3,31413,16741,3,15,14,1
223,33461,5.1755924247051714,571.1767770758009,6,31413,26257,1,4,4,0
224,33747,3.2954281770914897,963.9594134718961,1,14523,29944,4,10,10,0
225,33868,4.175221357773847,719.3927985854477,2,31978,29159,2,10,7,3
226,33971,4.043566654368008,595.3925860764018,8,33268,18531,4,15,12,3
227,34128,1.6619606478950806,716.7458364166353,2,31530,1117,4,8,7,1
228,34272,3.547258423999078,626.7372051528448,2,27627,29944,4,11,10,1
229,34360,2.40592857771549,976.3759804613888,3,28164,23196,5,12,10,2
230,34615,3.5376909517497737,600.791923862352,1,33676,11704,1,3,3,0
231,34790,5.114217471156638,929.5757889572502,1,23201,22989,4,14,11,3
232,34940,3.497580609269312,1256.413079482332,1,23745,11704,3,5,3,2
233,35085,2.251415374766945,743.3959578474576,5,33359,27573,2,6,5,1
234,35101,3.001757945264482,933.9633544856515,3,25020,33171,3,11,10,1
235,35392,3.1189079855786397,606.9165055438248,8,31315,21682,3,9,8,1
236,35472,4.332852487910161,583.3737732532035,5,18578,34420,4,15,13,2
237,35577,2.279875496718572,748.3166219018339,4,30558,13484,2,10,9,1
238,35799,9.469681620193633,788.5852396866326,1,15393,32887,4,12,10,2
239,35942,6.520596584112814,631.5478445248287,1,35577,5241,3,8,8,0
240,36036,2.9723546843371427,1654.5280467121388,3,32180,22989,4,12,9,3
241,36258,6.365404483058915,405.5818106893123,3,34360,29562,2,7,6,1
242,36339,2.4543499433992393,953.1906179674639,4,33296,18496,4,9,8,1
243,36569,3.6622707751122,809.0011111792182,4,36036,25578,3,10,8,2
244,36671,5.111574252848863,545.7684499818484,8,31530,30012,3,13,13,0
245,36873,5.647623307033727,2546.5990015552366,1,34420,19645,4,6,6,0
246,36955,4.48625673313249,495.56710026020966,3,30558,1527,6,12,10,2
247,37164,1.893569442950131,1061.145666484606,8,18578,33296,3,15,13,2
248,37337,9.44857037843447,440.4378918950048,6,29696,16965,5,14,12,2
249,37445,9.5153333403528,408.410826961987,2,6082,11855,4,11,10,1
250,37579,3.419617481784544,866.216080924752,7,22026,9794,4,10,9,1
251,37737,3.581830444464784,629.7308207988991,1,35577,158,5,11,10,1
252,37802,3.093935913025092,744.0972789767522,4,27627,22989,5,13,11,2
253,38094,2.8332634552779217,1016.6430985104213,4,30012,15393,3,9,6,3
254,38116,1.621542054554324,1073.7362475447985,4,33402,5679,5,17,15,2
255,38369,3.5116497331159016,1766.0758704329116,1,34940,19553,4,11,10,1
256,38412,3.0842529300450523,1197.4431761217047,1,33051,36569,2,8,5,3
257,38586,2.6357863130776855,965.4959517589914,7,34859,14523,4,15,13,2
258,38838,1.6826831737818069,1111.9460391914495,2,16741,26453,1,6,6,0
259,38875,8.870024838141369,522.5286058904757,8,34790,27627,1,6,5,1
260,39148,2.385542189436143,1176.929966952825,8,25578,26943,2,6,5,1
261,39290,4.11086443166516,650.4501676167455,5,35984,2778,3,10,10,0
262,39416,8.01745523189953,878.9061713538213,1,30988,37579,2,7,5,2
263,39487,3.617629825110932,1587.9529218060998,1,14523,6568,5,10,9,1
264,39633,3.2776330391567483,1155.7973756304905,1,32887,27627,2,9,7,2
265,39858,5.797191117332761,861.6764204156137,3,32180,18013,3,11,9,2
266,39975,2.712495187243354,1538.597864807789,3,30988,21290,1,6,6,0
267,40097,1.747269732517506,1287.204736609512,6,23745,22157,3,11,9,2
268,40266,4.238656806192276,1633.3764455437342,6,37579,15393,2,13,13,0
269,40466,4.629576237539767,733.8094134261889,3,25578,33738,3,9,8,1
270,40580,2.427280492008019,836.8419186274252,5,29067,38116,3,11,10,1
271,40750,3.2682154988334746,981.180491518995,6,31123,33171,5,11,9,2
272,40840,2.558862820256398,1017.3970581541811,6,39633,21290,1,6,5,1
273,41067,2.8986471590573806,1097.5599904350722,4,19553,5214,3,5,5,0
274,41166,6.91670692654176,591.6311395587038,4,29944,15393,2,6,5,1
275,41288,1.8030086202122608,1001.7650728796767,1,31946,36339,4,11,9,2
276,41485,3.3729207126854286,1070.3649124478839,2,39487,33051,2,10,9,1
277,41653,4.264431835118222,612.4592222521234,1,38412,1938,2,11,10,1
278,41845,2.2687211296236014,1718.711037001589,4,21290,32837,4,10,9,1
279,41902,2.7035054209411076,980.3410476613941,8,34790,11405,1,7,7,0
280,42041,2.353500121094169,951.1104098578282,7,30988,39975,1,7,6,1
281,42200,3.9983298671928487,1062.2374162830781,1,38845,3398,5,12,10,2
282,42334,2.431239095605245,859.3936532770738,3,14534,40750,5,11,8,3
283,42492,5.71223652243764,449.5129581213643,6,33268,36339,2,8,8,0
284,42626,3.5924650179192796,1808.5472203695008,2,38720,41288,2,11,10,1
285,42784,2.248311531309595,1527.7502287477364,7,14523,263,3,12,12,0
286,43032,5.910021966968674,913.5838555077116,4,27627,14523,4,11,7,4
287,43073,9.168489317381095,732.0933887594272,5,29067,39530,1,3,2,1
288,43225,5.213428339605405,2635.339117874068,4,15393,39487,1,4,3,1
289,43465,2.0882532643770166,1458.6182164708869,5,38369,42784,2,11,11,0
290,43647,2.782332998351921,986.6492833729313,7,41288,21682,4,12,10,2
291,43775,2.459082922857353,1526.118226521367,4,27573,11585,2,9,9,0
292,43808,2.994351634301364,702.0303623815316,4,38369,32837,2,10,7,3
293,44086,6.595532889656121,675.5479970411976,4,38845,34360,3,14,13,1
294,44162,2.7617101511422932,986.826872394255,4,40750,347,1,4,4,0
295,44352,7.344223969539181,686.5690751284776,3,33051,33747,1,8,8,0
296,44411,2.530748693059654,1473.1831696944796,2,31832,38369,4,10,9,1
297,44676,2.973965355624392,699.8251616490888,4,20978,816,3,10,9,1
298,44765,3.8579444688951967,599.3221167644755,1,34360,39530,2,7,7,0
299,44900,10.596424783235538,2689.3703523226927,1,43225,412,3,7,7,0
300,45097,7.2555366001785835,1056.7021975882549,1,22157,33171,3,10,7,3
301,45200,3.8159307176743913,581.796733807984,7,39633,33296,4,10,10,0
302,45341,3.2593440709498362,1042.131928558339,6,34790,19645,4,6,6,0
303,45532,2.830739280752059,1035.4088963452364,6,39858,39858,5,11,10,1
304,45713,6.109309092782842,788.2253372706246,7,43465,36339,6,13,10,3
305,45814,7.067826689508221,413.76516527214255,5,41288,40097,4,11,11,0
306,45984,3.6217101083657113,1044.0836821654902,6,31123,42784,5,12,12,0
307,46066,1.8850054724614678,1179.351300113163,5,42200,30014,4,11,9,2
308,46342,5.157890460871958,576.7309564638947,4,43775,38720,1,4,4,0
309,46415,7.9048485388387535,520.9138935700566,6,19645,4589,1,3,3,0
310,46642,5.921395122190225,799.0354980753084,5,35101,41485,2,9,8,1
311,46739,2.2403326632648284,888.6757770853634,6,43032,1384,2,7,7,0
312,46948,10.223959837267563,390.25310324256805,2,848,12482,5,13,11,2
313,47068,6.887478363831216,478.7498094792471,4,34940,31832,2,7,6,1
314,47103,6.290696489943965,449.99565813750553,7,40039,43647,4,11,10,1
315,47269,8.823776460055619,391.1047679672302,4,46200,237,4,10,9,1
316,47500,5.62757064902275,775.330632928323,4,27573,40097,3,5,5,0
317,47615,7.722992699831078,700.327581695978,7,14523,31123,3,11,11,0
318,47785,1.8954354405124436,1298.7298942817924,2,43032,41902,3,14,11,3
319,47952,5.438313759491962,617.1459582407622,4,45532,40750,5,10,9,1
320,48025,8.843494522690257,506.0558731128058,2,19448,25726,6,15,13,2
321,48258,5.934604565760853,410.3542677959787,3,39487,39487,4,7,6,1
322,48440,1.819968537918238,1311.4017351666048,6,31456,42784,4,10,9,1
323,48466,4.747461981609893,682.3521510927524,3,19553,40266,2,11,10,1
324,48715,4.724057938335917,826.011317876703,6,45984,24860,2,12,10,2
325,48842,2.3109550697501433,967.09746201368,4,41485,33747,1,5,5,0
326,48975,7.823355667882703,348.6183345860155,3,38116,46501,5,11,10,1
327,49089,3.9584796439835066,1180.3362736709385,4,41485,587,1,4,4,0
328,49296,1.6815567059025598,1350.1638073013667,2,14523,43231,3,12,10,2
329,49452,2.7020637066694357,1302.4875056184023,1,40266,34396,1,3,3,0
330,49567,2.1722510568210325,1586.3732604706815,6,48440,39487,4,12,10,2
331,49778,9.827213212969081,487.69560961884815,2,46739,22157,1,4,4,0
332,49886,5.7154219765014584,654.5133755214665,2,19645,3876,5,13,9,4
333,50072,2.1143256938399526,1114.48136402584,3,44900,41485,3,9,7,2
334,50216,2.507337042599308,899.6049572983309,8,25136,44162,4,9,8,1
335,50345,5.8436495613213,544.5455272752478,1,36339,43225,1,4,3,1
336,50414,5.321268807361945,788.5019672809942,1,50216,43775,4,10,10,0
337,50582,3.781065959135782,671.5373008955469,4,36036,31485,3,12,10,2
338,50836,4.696563564163691,655.9293525448523,6,46066,38116,1,4,3,1
339,50961,8.575340071848707,783.0844542847203,1,48427,38412,1,4,4,0
340,51078,1.8068292156085575,1134.0806081470541,6,39148,6568,4,10,10,0
341,51214,7.896187659070587,554.9831230347013,6,39487,22157,2,11,9,2
342,51401,2.027654444736553,2079.3857836964935,2,42784,14523,5,11,10,1
343,51451,9.873153511920293,538.3059538681144,7,11585,48703,2,13,12,1
344,51737,4.046636554853761,1363.944549397907,4,49288,48427,1,4,4,0
345,51761,3.3036128217910976,1587.4930702193221,8,41067,50072,5,13,12,1
346,52043,2.0548963947426864,976.1408876688168,2,34859,40750,1,4,4,0
347,52185,1.9293337832429553,900.5444096435516,7,44162,25136,2,7,6,1
348,52333,4.5506504048246565,1113.0041970804446,1,42784,39487,4,11,10,1
349,52409,7.086794903068734,468.99172332036153,1,36036,245,3,8,8,0
350,52542,5.495413496975456,1697.0232896274338,1,48842,19645,2,9,8,1
351,52674,5.188985711960829,774.4636309318182,1,46200,38412,1,3,3,0
352,52847,1.909252039218202,1103.1125134487017,2,42670,41845,5,12,11,1
353,52990,2.3384184768018628,904.8258491924096,2,41485,26918,2,3,2,1
354,53250,8.057192360259986,1104.4379926430229,5,31485,52542,1,7,6,1
355,53326,2.59688466475545,2050.0114420793593,8,48440,39487,3,6,5,1
356,53529,10.23820455919606,1934.8925383974467,3,51761,2059,4,8,6,2
357,53568,9.76931553799714,736.3991629343116,6,52847,3152,2,10,10,0
358,53817,2.0203823965711343,2330.434821316753,2,22157,40266,2,10,10,0
359,53903,4.548356458730609,796.7420330838919,1,52333,38720,1,3,2,1
360,54071,5.8486864744711555,861.7578053347801,4,40840,38838,3,13,11,2
361,54286,2.439620675374721,1310.4053347704748,6,38094,310,1,4,4,0
362,54370,9.52828991341472,768.9279834155078,5,52599,35984,4,12,11,1
363,54467,9.775880989892624,1530.051513477871,4,30939,19645,3,13,12,1
364,54652,6.101298068507643,605.5138343624051,4,53529,51078,4,13,9,4
365,54875,2.420002494069775,1804.2211509848348,5,38838,44162,3,11,10,1
366,55037,8.04962481298077,472.81026871028763,3,53805,38369,5,13,11,2
367,55104,4.284670262144195,609.1688136863688,1,30014,43821,3,12,9,3
368,55295,11.977920440977012,1292.667148109874,4,44900,394,3,10,9,1
369,55418,9.322066737583102,2216.5966587535486,4,55295,1287,3,10,9,1
370,55618,4.737794941224036,820.3920334417355,1,38720,51777,3,15,14,1
371,55787,2.14893700392967,1249.5871735861938,4,52602,51054,1,7,7,0
372,55807,3.7206477842736745,1059.008676283607,3,51712,52847,3,9,9,0
373,56052,3.748366396202282,824.4994559734162,3,22157,22157,2,12,10,2
374,56188,4.27893869421987,733.8706445439622,3,55787,38412,3,4,4,0
375,56282,9.810040876694679,1486.7296420918005,6,51761,25554,1,4,4,0
376,56403,1.4730453700763597,1478.2265904361793,3,42784,7346,3,6,5,1
377,56572,2.609635210860741,1061.9871081536355,8,27627,47581,4,10,10,0
378,56784,9.318870828636433,435.39388711800046,6,49567,48440,3,11,11,0
379,56906,8.693427195774335,457.91806177811503,8,21290,21290,3,13,12,1
380,57060,1.6856823527638265,1749.9791705253906,1,51737,41067,3,15,13,2
381,57246,1.8304101259211965,1268.259997496603,8,45984,14523,4,12,11,1
382,57375,1.62730633507861,1503.3016067950734,4,51401,56317,1,7,7,0
383,57505,10.279542724917995,947.5369549974423,8,39975,21290,2,6,5,1
384,57749,1.6054368527405367,1038.3451231501908,6,33171,56317,4,12,11,1
385,57787,1.3933796409665409,1446.5043416003225,3,53817,39148,1,4,4,0
386,57907,1.2874395689819633,1452.1828195676433,2,33051,53326,3,11,9,2
387,58192,14.32862456372547,2518.5423934531054,8,47785,55418,2,9,8,1
388,58285,3.7002744890862442,1139.1698244973074,1,31485,40097,4,9,9,0
389,58417,6.792781316847804,617.0145111751054,5,39148,9794,1,4,4,0
390,58538,7.471231721493555,2525.6395317743254,2,33296,49089,2,6,5,1
391,58705,8.678085871601665,1837.5285776177138,8,55295,21290,1,5,5,0
392,58822,1.9377311422627705,1470.4599451799438,1,19350,38369,3,11,10,1
393,58980,8.421171610911903,384.47444705714554,6,40266,49452,3,11,11,0
394,59250,6.060248749040974,2402.2774245606824,6,56282,58538,3,10,9,1
395,59360,11.479511468708884,2014.3764184716867,8,54237,58192,5,16,15,1
396,59457,2.9282680118647657,2001.8553717531781,1,58538,55787,2,8,6,2
397,59684,2.5945028780661707,1178.8394463319678,1,41845,51078,1,4,4,0
398,59774,4.485917451313539,659.1921731873251,1,30014,16741,2,7,6,1
399,59898,7.649659752019293,829.9026984923969,1,49567,56282,1,4,4,0
400,60049,1.8545794627528869,1233.459992577828,4,21290,1624,4,17,14,3
401,60216,2.7799976411513945,2258.739977996806,1,49567,31688,3,10,10,0
402,60407,3.300651009501208,1508.3972679588398,3,43775,3521,1,2,2,0
403,60477,4.996595338102275,1395.6915615957998,8,59360,3152,5,11,10,1
404,60671,9.361399373864723,2132.5891995472207,6,53805,57060,4,11,11,0
405,60831,4.5707078874685045,1414.1889055349495,6,52602,43225,3,14,13,1
406,61038,7.255414486097758,489.8362356452805,6,25803,263,3,13,12,1
407,61156,9.285130456877221,537.9765739493497,8,48440,60477,5,11,11,0
408,61284,5.562851148791176,4016.001678732947,8,55418,54875,2,6,6,0
409,61402,1.4837232622293446,1298.0039884855448,5,38369,39665,4,10,9,1
410,61540,3.1784084483272315,803.4263285320592,5,60407,16965,1,4,4,0
411,61733,6.554466152796861,2713.3662413087427,2,25554,57907,3,7,6,1
412,61884,4.290918927485142,676.235753133031,2,39633,2566,2,12,11,1
413,62007,10.069779997241644,434.34652095379204,3,42784,54237,3,10,9,1
414,62163,4.826746258191337,1367.8289282434928,2,31688,49567,3,11,8,3
415,62325,1.9337231181979626,1515.5356660287412,1,42626,57907,5,10,7,3
416,62402,4.052847310512224,942.1827299011933,2,30014,48440,1,4,4,0
417,62589,3.397745708546665,1100.3415754102832,2,43225,40097,4,11,10,1
418,62727,4.4971820795148725,898.9954083958407,6,54521,6568,3,11,10,1
419,62987,4.594413980236944,638.8990772524946,3,57375,19350,4,11,9,2
420,63118,3.481880213670624,1802.0245825534287,6,60831,33051,3,6,6,0
421,63182,7.077651825350633,470.8437147147826,2,53817,19553,3,11,10,1
422,63384,2.457796024933844,1535.9075569352176,6,58814,33051,2,6,6,0
423,63492,4.118290731043929,3062.911606700222,2,53326,36873,5,11,10,1
424,63733,3.299581305543881,1238.385511060201,2,19645,53529,4,12,11,1
425,63871,11.17817293585686,389.96666545814634,5,19350,11855,1,8,6,2
426,64036,8.209649758927382,1930.9812310874174,4,59360,54286,1,4,4,0
427,64089,2.1482829963922634,1358.0066277496164,8,62230,5214,4,14,14,0
428,64350,5.338192757502642,1234.0165223080733,8,36873,44900,4,10,9,1
429,64481,3.7242556893980168,1121.3818960478918,3,56317,1329,3,6,6,0
430,64597,6.939696340942754,989.5841311050583,5,43225,57246,1,3,3,0
431,64690,16.262728183688875,412.47312994344367,8,58192,61250,4,12,11,1
432,64926,2.707868863541052,1568.9694364503562,3,43775,6082,1,4,4,0
433,64996,3.1031036901591547,784.6107903516709,2,64926,1199,4,14,12,2
434,65183,9.411054893447607,1091.4525595958253,5,61733,54521,4,11,10,1
435,65357,1.3738434271097983,1265.381639444422,1,14523,57907,1,2,2,0
436,65469,9.051887142406454,762.3151465145183,8,49089,7,3,9,8,1
437,65692,6.585209254129855,519.6023634142068,1,60550,2616,2,6,5,1
438,65749,10.026714179143747,594.2410386546145,8,43225,58786,4,7,7,0
439,65991,1.921104698467217,1440.8615173365827,5,54237,56317,1,7,6,1
440,66089,7.27257762389615,1474.482063685307,8,60831,44900,4,11,10,1
441,66231,1.730468436496472,1432.9799454909207,4,58786,29686,5,13,11,2
442,66348,6.264969763622933,866.7756016492558,4,62163,53529,3,8,8,0
443,66520,4.486137507174993,2012.207848159375,5,62163,720,4,8,8,0
444,66708,3.6224887609532863,2072.4767399867683,4,19350,64926,4,11,11,0
445,66846,10.123507537320794,1311.6700495634625,5,52602,58538,5,12,10,2
446,66905,7.848872854014556,360.7149783949742,7,11515,2369,4,11,10,1
447,67068,6.739408510859621,745.7533696059456,2,63492,64350,4,11,10,1
448,67314,4.821113201948273,590.7883162420742,1,58187,58187,2,4,4,0
449,67470,5.804179310626316,761.2145579701286,7,63733,53805,3,11,8,3
450,67591,1.8244786806644206,1128.6108271533506,1,61733,53326,2,6,5,1
451,67799,5.174044070645706,2148.1384005928207,1,53805,44419,2,8,7,1
452,67806,6.475771184989939,5705.779334075031,4,19645,59318,2,7,6,1
453,68034,8.894954708130571,546.6664932269584,3,52542,67806,3,11,10,1
454,68188,7.2499472641063045,857.2017091579995,5,54521,21447,3,7,7,0
455,68289,6.7293795327547725,656.2116275965235,7,9560,12482,2,6,5,1
456,68507,8.629976699604333,467.4660946667738,2,55787,63492,4,10,10,0
457,68700,11.072435099469617,718.6771104551959,4,38369,56364,2,4,4,0
458,68795,5.652130374752251,646.7258360901006,2,57787,55787,5,10,9,1
459,68895,7.843924062087497,573.4597510813248,1,56364,62163,5,15,14,1
460,69059,10.903169047575052,279.5021071958089,1,11515,396,5,10,10,0
461,69175,10.380718481380585,689.941545356133,4,43775,65991,4,9,8,1
462,69338,11.71748480283357,334.7441228287081,5,66846,49567,2,9,7,2
463,69551,8.902091446182903,345.58849930155145,5,39487,54237,1,5,5,0
464,69697,2.855989433602851,991.2245070938885,2,61402,9088,2,12,11,1
465,69892,6.546978833826829,2095.549205437558,6,60671,67806,2,4,4,0
466,70025,3.0843563190618277,2783.2147913627036,1,63492,69892,5,14,13,1
467,70130,5.266114958416186,640.0690020524133,1,59457,54286,2,11,10,1
468,70245,8.010640738797939,1165.7964357652959,7,36873,60216,4,12,10,2
469,70392,9.552172990444925,408.9465859415492,1,62163,351,1,4,2,2
470,70528,3.352977574120085,1686.997188403663,5,19350,59250,1,4,4,0
471,70798,9.439112768818744,681.2057465821326,1,54521,17608,5,10,9,1
472,70918,6.529962695859889,3253.0239283027536,2,60671,11855,2,5,5,0
473,71013,6.3153920970292825,2170.8746879188134,2,39487,55418,2,4,4,0
474,71164,8.431691386699706,487.23244848041577,8,60477,9794,3,9,6,3
475,71260,7.423673658445596,2877.1198700003924,2,49296,60671,3,10,9,1
476,71470,7.459688690064856,2678.9988305110182,1,67864,70918,5,13,11,2
477,71553,3.1401017986417075,944.5781109420197,4,43465,44,2,7,6,1
478,71775,10.393387454757198,946.2655605499165,8,55418,58192,5,11,10,1
479,71918,1.7607091396445247,1462.4094674615462,1,62325,39487,2,10,10,0
480,72147,8.35648017572485,372.1917984575065,1,60477,52542,2,12,12,0
481,72275,5.156964704931322,961.0454748364873,2,54521,437,1,4,4,0
482,72363,6.88596216025,822.5229508199142,6,62163,63492,1,5,4,1
483,72530,9.317236335453774,509.1495597143391,6,57787,6568,4,10,9,1
484,72660,3.174213610075104,1470.5152075636947,3,54521,2370,1,4,3,1
485,72848,5.882876068343398,1677.6168560820156,1,36036,66708,3,10,8,2
486,72968,7.149641447381433,744.669050220047,3,56364,62163,3,11,11,0
487,73102,8.042163153392291,2108.877413184672,1,57375,36873,3,8,8,0
488,73248,4.950996494975153,938.348051685761,1,70918,69056,2,8,8,0
489,73432,1.267234237221151,1454.7344101153342,7,57060,57787,5,11,10,1
490,73602,3.0036380670806717,1157.8733487829163,2,53326,61284,4,10,10,0
491,73773,5.335134787276612,1953.003965459672,7,53529,6568,1,3,2,1
492,73900,3.485355560173233,2835.2381566895524,7,55418,61711,1,6,6,0
493,74080,4.630457325286527,796.1045740461127,1,51761,29086,2,13,13,0
494,74177,2.432648746399615,1521.5146378358806,8,44900,14523,2,6,6,0
495,74399,4.686344676802908,3921.6807227813565,7,66089,49296,3,6,6,0
496,74454,6.841342686985394,1324.9519978396727,3,53817,53817,5,12,10,2
497,74651,3.5479908344140654,1868.7344277758498,8,51786,74399,4,10,10,0
498,74763,6.044798646670861,783.6665801047445,1,52542,42784,1,5,4,1
499,74996,4.58889235789259,2638.9407105572304,2,74177,70025,2,7,7,0
